0,1,label,result
|求网页制作成品简单|,|求简单的网页制作成品|,1,0
|鬼月怪物猎人漫画|,|怪物猎人漫画鬼月|,0,1
|为什么我的手机发不出去彩信呢|,|我的手机彩信发不出去|,0,1
|什么软件可以领移动流量？|,|什么软件可以送流量？移动卡！|,1,0
|怎么看笔记本电脑配置|,|这笔记本电脑配置怎么样？|,0,1
|您回忆一下操作时间金额我为您查询看一下可以吗|,|您回忆一下操作时间金额我为您查询看一下可以吗|,0,1
|百度知道真的可以赚话费吗？|,|百度知道送话费是真的吗|,1,0
|怎么用淘宝账号查注册邮箱？|,|怎么用邮箱号怎么注册淘宝账号|,1,0
